-- Adminer 3.7.1 MySQL dump

SET NAMES utf8;
SET foreign_key_checks = 0;
SET time_zone = '+01:00';
SET sql_mode = 'NO_AUTO_VALUE_ON_ZERO';

INSERT INTO `block` (`block_id`, `block_type_id`, `page_id`, `size`, `classes`, `style`, `link`, `param1`, `param2`, `param3`, `weight`) VALUES
(5,	2,	6,	'2x1',	'back_2x1_c',	NULL,	'',	'<h1>Kdo za tím stojí?</h1>\n<p>Science slam pořádá Masarykova univerzita jako nový formát popularizační akce, při němž se výzkumníci mohou potkat se širokou veřejností laickou i odbornou. S nápadem přišla Jana Posltová, již inspiroval Bernhard Weingartner ze <a class=\"link\" href=\"http://www.scienceslam.at/about/\">Science Slam Vienna</a>, a zaujala jím postupně všechny stávající organizátory, kteří svými inovativními nápady vytvářejí celkový koncept, obsah i formu akce. S&nbsp;přípravou v různých rolích pomáhají ještě další kamarádi a dobří lidé, časem zde budou jejich jména uvedena.</p>\n\n<p>Vaše nápady a připomínky nám pište na <a href=\"mailto:scienceslam@muni.cz\" class=\"link\">scienceslam@muni.cz</a>.</p>',	NULL,	NULL,	0),
(7,	3,	6,	'1x1',	'',	'images/blocks/posltova.jpg',	'',	'Jana Posltová',	'vedení týmu, zdroj entuziasmu',	NULL,	0),
(8,	3,	6,	'1x1',	'',	'images/blocks/drazan2.jpg',	'',	'Sven Dražan',	'zdroj pracovní motivace',	NULL,	0),
(9,	3,	6,	'1x1',	'',	'images/blocks/pribyla.jpg',	'',	'Ondřej Přibyla',	'zdroj prezentačních znalostí',	NULL,	0),
(10,	3,	6,	'1x1',	NULL,	'images/blocks/novakova.jpg',	'',	'Kateřina Nováková',	'zdroj nápadů',	NULL,	0),
(11,	3,	6,	'1x1',	'',	'images/blocks/ukrop.jpg',	'',	'Martin Ukrop',	'zdroj grafického designu',	NULL,	0),
(12,	3,	6,	'1x1',	'',	'images/blocks/drabek.jpg',	'',	'Jan Drábek',	'zdroj technologií',	NULL,	0),
(13,	3,	6,	'1x1',	'',	'images/blocks/forman2.jpg',	'',	'Matěj Forman',	'zdroj řečnického umění',	NULL,	0),
(14,	3,	6,	'1x1',	'',	'images/blocks/klusacek2.jpg',	'',	'Matěj Klusáček',	'zdroj moderátorských schopností',	NULL,	0),
(15,	2,	10,	'1x1',	'back_1x1_b',	NULL,	'/show/about',	'<h1>Science slam?</h1>\n<p>Jde o soutěž v předávání myšlenek a nadšení pro vědu, porotou je publikum. Divadelní vystoupení, kde výzkumníci jsou v roli herců.</p>\n<p>Jedinečná příležitost k nahlédnutí pod pokličku současné vědy a výzkumu.</p>\n<p class=\"bold\">Přečtěte si více...</p>',	NULL,	NULL,	0),
(16,	4,	10,	'1x1',	'',	NULL,	'',	NULL,	NULL,	NULL,	0),
(17,	3,	10,	'1x1',	'',	'images/2013-2/slam.jpg',	'/slam/two/',	'2. Science slam',	'Co jste mohli vidět',	NULL,	0),
(18,	3,	10,	'1x1',	NULL,	'images/blocks/video.jpg',	'http://www.youtube.com/channel/UC0sHAAvwdxolvD4ETyM2hyA',	'Záznamy vystoupení',	'Zhlédněte videa na YouTube',	NULL,	0),
(19,	3,	10,	'1x1',	'',	'images/blocks/winners.jpg',	'/show/winners',	'Síň slávy',	'A vítězem se stává...',	NULL,	0),
(20,	1,	10,	'1x1',	'back_1x1_a',	NULL,	'',	'<p class=\"margin-top\">Nejbližší Science slam<br/>se uskuteční</p>\n<h1>v květnu 2014</h1>\n<p>v prostorách</p>\n<h2>Kabinetu MÚZ</h2>\n<p>Sukova 4</p>',	NULL,	NULL,	0),
(21,	3,	10,	'1x1',	'',	'images/blocks/press.jpg',	'/show/press',	'Napsali o nás',	'První ohlasy na Science slam',	NULL,	0),
(22,	3,	10,	'1x1',	'',	'images/2013-1/slam.jpg',	'/slam/one',	'1. Science slam',	'Jak to celé dopadlo',	NULL,	0),
(23,	3,	10,	'1x1',	'',	'images/blocks/slam2.jpg',	'http://www.scienceslam.at/',	'Science slam Vienna',	'Inspirace ze zahraničí',	NULL,	0),
(24,	2,	1,	'1x1',	'back_1x1_c',	NULL,	'',	'<h1>1. Science slam</h1>\n<p>První český Science slam se konal 12. 6. 2013 v prostorách <a class=\"link\" href=\"http://kabinetmuz.cz/\">Kabinetu MÚZ</a> v Brně.</p>\n<p>Vítězkou se stala Zuzana Rábová se svým vystoupením o hledání jedů ve vodě.</p>\n<p>Na Science slamu vystoupil také <a class=\"link\" href=\"http://www.udif.cz/\">ÚDIF</a> s představením \"Vidět zvuk, slyšet světlo\".</p>\n',	NULL,	NULL,	0),
(25,	3,	1,	'1x1',	NULL,	'images/2013-1/gallery.jpg',	'/slam/one/gallery',	'Fotogalerie',	'Jak vypadal první český Slam',	NULL,	0),
(26,	3,	1,	'1x1',	'',	'images/blocks/press.jpg',	'http://www.veda.muni.cz/veda-a-vyzkum/3729-prvni-science-slam-vyhrala-biolozka',	'Napsali o nás',	'První ohlasy na Science slam',	NULL,	0),
(27,	3,	1,	'1x1',	'',	'images/2013-1/rabova2.jpg',	'/slam/one/rabova',	'Zuzana Rábová',	'Hledání jedu v kýblu vody',	NULL,	0),
(28,	3,	1,	'1x1',	'',	'images/2013-1/suchacek2.jpg',	'/slam/one/suchacek',	'Petr Sucháček',	'Škola: křižovatka života',	NULL,	0),
(29,	3,	1,	'1x1',	NULL,	'images/2013-1/sychrova2.jpg',	'/slam/one/sychrova',	'Eliška Sychrová',	'Komu se nelení, tomu se zelení',	NULL,	0),
(30,	3,	1,	'1x1',	NULL,	'images/2013-1/hrbacek2.jpg',	'/slam/one/hrbacek',	'Jiří Hrbáček',	'Programování robotů a malé děti',	NULL,	0),
(31,	3,	1,	'1x1',	NULL,	'images/2013-1/tejkalova2.jpg',	'/slam/one/tejkalova',	'Kateřina Tejkalová',	'Léčivá vůně v ulicích Amsterdamu',	NULL,	0),
(32,	3,	1,	'1x1',	NULL,	'images/2013-1/udif.jpg',	'http://www.udif.cz',	'ÚDIF',	'Úžasné divadlo fyziky',	NULL,	0),
(33,	3,	1,	'1x1',	NULL,	'images/2013-1/poster.png',	'/images/2013-1/poster2013.pdf',	'Plakát 2013',	'Šiřte inspiraci dál, vyvěste plakát.',	NULL,	0),
(34,	2,	1,	'1x1',	'back_1x1_a',	NULL,	'',	'<h1>Sponzoři</h1>\n<p>Rádi bychom poděkovali firmám, které nám zapůjčily svítidla použitá při propagaci Slamu a dekoraci interiéru Kabinetu MÚZ.</p>\n<p>Jde o firmy <a class=\"link\" href=\"http://www.novoretro.net/\">Novoretro</a>, internetový obchod s nábytkem a doplňky z let 1900 – 2000 a\n<a class=\"link\" href=\"http://www.kmsvitidla.cz/\">KM svítidla</a>, prodej svítidel, osvětlovací techniky a elektrospotřebičů.</p>',	NULL,	NULL,	0),
(35,	2,	18,	'1x1',	'back_1x1_c',	NULL,	'',	'<h1>2. Science slam</h1>\n<p>Druhý Science slam se uskutečnil 27. listopadu 2013 v prostorách <a class=\"link\" href=\"http://kabinetmuz.cz/\">Kabinetu MÚZ</a>. Děkujeme všem účastníkům i celému publiku.</p>\n<p>Vítězem i nejlepším bavičem se stal Tomáš Fiala a speciální cenu za zábavné provedení získala Hanka Vrtalová.</p>\n<p>Doufáme, že jste se skvěle bavili.</p>',	NULL,	NULL,	0),
(36,	3,	18,	'1x1',	NULL,	'images/2013-2/gallery.jpg',	'/slam/two/gallery',	'Fotogalerie',	'Jak vypadal druhý český Slam',	NULL,	0),
(37,	3,	18,	'1x1',	NULL,	'images/blocks/press.jpg',	'http://www.veda.muni.cz/veda-a-vyzkum/4024-molekularnim-autobusem-dojel-k-vitezstvi',	'Napsali o nás',	'Ohlasy na druhý Science slam',	NULL,	0),
(38,	3,	18,	'1x1',	NULL,	'images/2013-2/buryska2.jpg',	'/slam/two/buryska',	'Tomáš Buryška',	'Evoluce v kapkách',	NULL,	0),
(39,	3,	18,	'1x1',	'',	'images/2013-2/fiala2.jpg',	'/slam/two/fiala',	'Tomáš Fiala',	'Močovina a molekulární autobusy',	NULL,	0),
(40,	3,	18,	'1x1',	NULL,	'images/2013-2/zounkova2.jpg',	'/slam/two/zounkova',	'Radka Zounková',	'S antibiotiky jako s ohněm',	NULL,	0),
(41,	3,	18,	'1x1',	NULL,	'images/2013-2/pracny2.jpg',	'/slam/two/pracny',	'Pavel Pracný',	'Po stopách stopových prvků',	NULL,	0),
(42,	3,	18,	'1x1',	NULL,	'images/2013-2/vrtalova2.jpg',	'/slam/two/vrtalova',	'Hana Vrtalová',	'Anglická výslovnost pod lupou',	NULL,	0),
(43,	3,	18,	'1x1',	'',	'images/2013-2/holik2.jpg',	'/slam/two/holik',	'Petr Holík',	'Svalbard: led, kamení a řeka',	NULL,	0),
(44,	3,	18,	'1x1',	'',	'images/2013-2/kalabova2.jpg',	'/slam/two/kalabova',	'Petra Kalábová',	'Co číhá na síti',	NULL,	0),
(45,	3,	18,	'1x1',	NULL,	'images/2013-2/science-sven.jpg',	'/slam/two/science-sven',	'Science Sven',	'Jak publikum dělalo vědu',	NULL,	0),
(46,	3,	18,	'1x1',	'',	'images/2013-2/poster.jpg',	'/images/2013-2/poster2013-2.pdf',	'Plakát',	'Šiřte inspiraci dál, vyvěste plakát.',	NULL,	0),
(47,	2,	18,	'1x1',	'back_1x1_a',	NULL,	'',	'<h1>Sponzoři</h1>\n<p>Za spolupráci při propagaci by jsme rádi poděkovali studentské kavárně <a class=\"link\" href=\"https://www.facebook.com/krmitko\">Krmítko</a>.</p>\n<a href=\"https://www.facebook.com/krmitko\"><img class=\"krmitko center-block\" src=\"/images/blocks/krmitko.png\" title=\"Krmítko - Vaše studentská kavárna\"/></a>',	NULL,	NULL,	0);

INSERT INTO `event` (`event_id`, `name`, `url`, `description`, `extra_styles`, `date`, `registration_opened`, `registration_closed`, `hidden`) VALUES
(1,	'1. Science slam',	'one',	'1. Science slam',	'',	'2013-06-12 19:00:00',	'2013-04-12 19:00:00',	'2013-04-12 19:00:00',	0),
(3,	'2. Science slam',	'two',	'2. Science slam',	'',	'2013-11-27 19:00:00',	'2013-09-27 19:00:00',	'2013-10-27 19:00:00',	0);

INSERT INTO `list_block_type` (`block_type_id`, `name`) VALUES
(1,	'vtext'),
(2,	'text'),
(3,	'image'),
(4,	'registration');

INSERT INTO `meta_migrations` (`file`) VALUES
('001_BASE_SCHEMA.sql');

INSERT INTO `page` (`page_id`, `event_id`, `is_block_page`, `name`, `content`, `gallery_path`, `url`, `is_default`, `inserted`, `updated`) VALUES
(1,	1,	1,	'1. Science slam',	'',	'',	'default',	1,	'2014-03-09 09:52:55',	'2014-03-10 18:38:49'),
(3,	NULL,	0,	'Co je to Science slam?',	'<img src=\"/images/2013-0/slam7.jpg\" class=\"image_right clear\" title=\"Fotky půjčeny od Science Slam Vienna\" />\n<img src=\"/images/2013-0/slam6.jpg\" class=\"image_right clear\" title=\"Fotky půjčeny od Science Slam Vienna\" />\n\n<div class=\"wide-text-block\">\n\n	<h1>Co je to Science slam?</h1>\n\n	<ul>\n		<li><p>Science slam je příležitost k nahlédnutí pod pokličku současného výzkumu, možnost potkat se s nadšenými lidmi, kteří poutavě, jednoduše a zábavně vykládají o tématech, kterými žijí.</p></li>\n		<li><p>Science slam je soutěž v předávání myšlenek a nadšení pro vědu, porotou je publikum.</p></li>\n		<li><p>Science slam je divadelní performance, kde výzkumníci jsou v roli herců.</p></li>\n		<li><p>Je to možnost potkat se s přáteli, kolegy i cizími lidmi, pobavit se ale i navázat spolupráci.</p></li>\n		<li><p>Vstupné a dary od sponzorů pokrývají náklady, akce je nevýdělečná.</p></li>\n	</ul>\n\n	<h2>Co se očekává od soutěžících</h2>\n	<ul>\n		<li><p>Šest minut, v nichž jasně představí část svého vlastního výzkumu.</p></li>\n		<li><p>Schopnost předvést složité věci jednoduše, s úsměvem a nasazením.</p></li>\n		<li><p>Kreativita v přípravě jakýchkoliv propriet, prezentace a dataprojektory jsou zakázané, vše co je potřeba, si na pódium donesou s sebou.</p></li>\n	</ul>\n\n	<h2>Co se očekává od publika</h2>\n	<ul>\n		<li><p>Mysl otevřená novým myšlenkám, chuť dívat se, poslouchat a smát se.</p></li>\n		<li><p>Upřímnost a spravedlnost při hodnocení výkonu každého vystupujícího.</p></li>\n		<li><p>Schopnost hodnotit, jak jste danému výzkumu porozuměli, jak jste se u něj bavili a jaký byl celkový dojem z jednotlivých vystoupění.</p></li>\n	</ul>\n\n	<h2>Science slam ve světe</h2>\n	<ul>\n		<li><p><a href=\"http://www.scienceslam.au/\" class=\"link\">Science Slam Vienna</a> - inspirace našeho slamu (také děkujeme za půjčení fotek z předešlých slamů pro náš web)</p></li>\n		<li><p><a href=\"http://www.scienceslam.de/\" class=\"link\">www.scienceslam.de</a> - zakládající a nejvíce rozšířený slam</p></li>\n		<li><p><a href=\"http://en.wikipedia.org/wiki/Science_slam\" class=\"link\">Science slamy ve světe</a></p></li>\n	</ul>\n</div>\n\n<div class=\"cleaner\">&nbsp;</div>',	'',	'about',	0,	'2014-03-10 17:44:39',	'2014-03-10 17:44:39'),
(4,	NULL,	0,	'Průběh',	'<img src=\"/images/2013-0/slam4.jpg\" class=\"image_right image-margin-left clear\" title=\"Fotky pujčeny od Science Slam Vienna\" />\n<img src=\"/images/2013-0/slam9.jpg\" class=\"image_right image-margin-left clear\" title=\"Fotky pujčeny od Science Slam Vienna\" />\n\n<div class=\"wide-text-block\">\n\n	<h1>Jak to celé probíhá?</h1>\n\n	<p>Pokud se přijdete podívat na Science slam, můžete se těšit na:</p>\n	<ul>\n		<li><h3>Úvod</h3>\n			<p>Přivítáme Vás, vysvětlíme, co se bude dít a můžeme začít.</p></li>\n\n		<li><h3>Vystoupení</h3>\n			<p>Sedm šestiminutových vystoupení, sedm výzkumníků v netradiční roli, představujících témata nadšeně a zábavně jen s tím, co si s sebou donesou.</p></li>\n\n		<li><h3>Hodnocení</h3>\n			<p>Po každém vystoupení bude krátký čas na ohodnocení soutěžících. K dispozici budete mít hodnotící arch s několika kritérii a zadanou stupnicí.</p></li>\n\n		<li><h3>Hosté</h3>\n			<p>Po odevzdání hodnotících archů začne sčítání výsledků, než se ale dozvíte kdo zvítězil, objeví se na jevišti hosté, kteří vědu a výzkum ukáží v ještě úplně jiném světle! Nechte se překvapit!</p></li>\n\n		<li><h3>Vyhlášení</h3>\n			<p>Slavnostní vyhlášení celkového prvního místa a kategorie bavič za nejzábavnější vystoupení.</p></li>\n	</ul>\n	<p>Po vyhlášení se můžete dál bavit s přáteli a soutěžícími u sklenky něčeho dobrého v Café-baru Kabinetu MÚZ.</p>\n</div>\n\n<div class=\"cleaner\">&nbsp;</div>',	'',	'schedule',	0,	'2014-03-10 17:46:28',	'2014-03-10 17:46:28'),
(5,	NULL,	0,	'Pravidla',	'<img src=\"/images/2013-0/slam10.jpg\" class=\"image_right clear\" title=\"Fotky půjčeny od Science Slam Vienna\" />\n<img src=\"/images/2013-0/slam12.jpg\" class=\"image_right clear\" title=\"Fotky půjčeny od Science Slam Vienna\" />\n<img src=\"/images/2013-0/slam11.jpg\" class=\"image_right clear\" title=\"Fotky půjčeny od Science Slam Vienna\" />\n\n<div class=\"wide-text-block\">\n\n	<h1>Pravidla pro soutěžící</h1>\n\n	<h2>Pro koho a co to je?</h2>\n	<p>Pokud studujete nebo pracujete na Masarykově univerzitě, jste nadšení do svého výzkumu a rádi byste se o toto nadšení podělili s ostatními lidmi, je Science slam nová možnost, jak se do toho pustit. Ať už je vaše výzkumné téma jakkoliv složité, určitě zvládnete to podstatné předvést během 6 minut. Asi neřeknete všechno, určitě ale dost na to, aby lidé pochopili, proč je váš výzkum zajímavý a důležitý. Je to skvělá příležitost, jak si vyzkoušet vystupování před víc jak stovkou lidí v neformálním prostředí. Pokud zvládnete Science slam, zvládnete už jakoukoliv konferenci.</p>\n\n	<h2>Forma a obsah</h2>\n	<p>Při vašem vystoupení je potřeba pečlivě vyvážit množství informací a zábavnost formy, kterou zvolíte. Diváci v publiku budou hodnotit, nakolik vašemu výzkumu porozuměli, jak jim přišel důležitý a jestli se během vašeho vystoupení bavili. Téma nebo aspekt výzkumu, který budete prezentovat se musí vašeho osobního výzkumu bezprostředně týkat. Nejde o popularizaci vědního oboru nebo zvláště atraktivního jevu, ale toho, čím ve svém výzkumu sami žijete.</p>\n	<p>Nejjednodušší způsob, jak unudit lidi k smrti a zabít v nich kreativitu, je dát jim dataprojektor s prezentací. Proto jsou obě tyto pomůcky zakázané. Všechno, co budete k vystoupení potřebovat, si na pódium musíte přinést sami. Můžete využít i svoje vlastní živé komparzisty, tito však nesmí během vystoupení mluvit.</p>\n\n	<h2>Jak se připravit?</h2>\n	<p>Pro všechny soutěžící je připravena dílna zaměřená na práci s tématem, hlasem a jevištním projevem. Účast na dílně je nutnou podmínkou vystupování na Science slamu. Na dílnu je vhodné dojít již s jasnou představou o tom, co chcete obecenstvu předat a dobré je i mít nápady, jak na to. My vám pomůžeme dát představení dohromady a přihodíme i pár dobrých rad odborníků na slovo vzatých.</p>\n\n	<h2>Co můžete vyhrát?</h2>\n	<p>Vítěz nezíská peněžitou odměnu ani Nobelovu cenu, jen drobnost na památku a dobrý pocit, že lidem předal kus nadšení pro vědu a ukázal směr, o kterém dřív ani nemuseli tušit, že existuje. Odměnou soutěžícím bude také vděk publika, intenzivní a otevřená zpětná vazba na jejich výzkum a příležitost potkat a pobavit se se spoustou mladých i zkušených kolegů z blízkých i vzdálených vědních oborů.</p>\n\n	<h2>Jak být u toho?</h2>\n	<p>Přihlásit do soutěže se může libovolný student nebo zaměstnanec Masarykovy univerzity, stačí vyplnit registrační formulář.</p>\n\n	<a href=\"{plink Sign:up}\" class=\"button\">Registrovat se</a>\n\n	<p>Nechcete soutěžit? Staňte se součástí publika! Stačí si koupit lístek.</p>\n\n	<a href=\"{plink Homepage:ticket}\" class=\"button\">Koupit lístek</a>\n\n</div>\n\n<div class=\"cleaner\">&nbsp;</div>',	'',	'rules',	0,	'2014-03-10 17:48:11',	'2014-03-10 17:48:11'),
(6,	NULL,	1,	'Kdo je za tím',	'',	'',	'people',	0,	'2014-03-10 17:49:19',	'2014-03-10 17:49:19'),
(7,	NULL,	0,	'Napsali o nás',	'<img src=\"/images/blocks/press.jpg\" class=\"image_right clear\" title=\"Science slam\" />\n\n<div class=\"wide-text-block\">\n<h1>Napsali o nás</h1>\n<ul>\n	<li>\n	<h2><a class=\"link\" href=\"http://www.veda.muni.cz/veda-a-vyzkum/4071-vyhral-science-slam-umi-hledat-analogie\">Vyhrál Science slam. Umí hledat analogie</a></h2>\n	<p>V bílém laboratorním plášti a s účesem podle Einsteina zapůsobil Tomáš Fiala na diváky druhého Science slamu už při vstupu na jeviště Kabinetu MÚZ. Student prvního ročníku magisterského studia organické chemie nazval svůj výstup Od močoviny po molekulární autobusy a přesvědčil přítomné, že i takové oblasti vědy, jako je supramolekulární chemie, se dají popsat srozumitelně a zábavně. A právě to je smyslem celé akce. Přiblížit vědecké bádání laické veřejnost.</p>\n	<p><a class=\"link\" href=\"http://www.veda.muni.cz/\">věda.muni.cz</a>, 25. prosince 2013</p>\n	</li>\n	<li>\n	<h2><a class=\"link\" href=\"http://lemur.mu/univerzita/deni/1412-chcete-porozumet-vede-navstivte-science-slam\">Chcete porozumět vědě? Navštivte Science slam</a></h2>\n	<p>Od druhého stupně základní školy si kladu otázku, proč mi nejde fyzika nebo chemie, kde se stala chyba? Po vystoupení vědců-studentů na Science slamu jsem si konečně mohla odpovědět. Chyba byla v učitelích, ne ve mně. Některé obory, zejména ty přírodovědné, nejsou jednoduché a pro většinu populace ani snadno pochopitelné. Avšak pokud vám jsou informace z těchto vědních disciplín podány zjednodušeně a názorně, porozumíte všemu. Science slam je toho důkazem.</p>\n	<p><a class=\"link\" href=\"http://lemur.mu/\">LeMUr.mu</a>, 11. prosince 2013</p>\n	</li>\n	<li>\n	<h2><a class=\"link\" href=\"http://www.veda.muni.cz/veda-a-vyzkum/4024-molekularnim-autobusem-dojel-k-vitezstvi\">Molekulárním autobusem dojel k vítězství</a></h2>\n	<p>Kabinet MÚZ se ve středu večer pomalu plní diváky. Přišli už na druhý Science slam, který pořádá Masarykova univerzita. Čekají je šestiminutové výstupy odvážných mladých vědců, kteří se pokusí zaujmout, pobavit a předat divákům něco ze svého oboru.</p>\n	<p><a class=\"link\" href=\"http://www.veda.muni.cz/\">věda.muni.cz</a>, 28. listopadu 2013</p>\n	</li>\n	<li><h2><a class=\"link\" href=\"http://www.prumysl.cz/jana-posltova-science-slam-je-pro-me-prace-na-pomezi-vedy-a-bezneho-zivota/\">Jana Posltová: Science slam je pro mě práce na pomezí vědy a života</a></h2>\n	<p>Věda se dá prezentovat různými formami. Jednou z nich je Science slam, krátká divadelní performance zaměřená na současnou vědu a výzkum. Účastníci mají šest minut na představení svého projektu, výzkumu či oblasti vědy, o kterou se zajímají, a to tak, aby porozuměl i laik a přitom se dobře pobavil.</p>	\n	<p><a class=\"link\" href=\"http://www.prumysl.cz/\">průmysl.cz</a>, 13. listopadu 2013</p>\n	</li>\n	<li>\n	<h2><a class=\"link\" href=\"http://www.veda.muni.cz/veda-a-vyzkum/3729-prvni-science-slam-vyhrala-biolozka\">První Science slam vyhrála bioložka</a></h2>\n	<p>Kartonový spektrometr, sinice v lidské podobě, vášeň pro roboty nebo výpadky paměti při zkoumání konopí. Tak to může vypadat, když se vědci ocitnou na divadelních prknech. Pět odvážných se včera večer pokusilo zaujmout přes sto diváků v Kabinetu MÚZ na prvním soutěžním Science slamu Masarykovy univerzity.</p>\n	<p><a class=\"link\" href=\"http://www.veda.muni.cz/\">věda.muni.cz</a>, 13. června 2013</p>\n	</li>\n</ul>\n</div>',	'',	'press',	0,	'2014-03-10 18:00:10',	'2014-03-10 18:00:10'),
(8,	NULL,	0,	'Koupě lístků',	'<img src=\"/images/2013-0/slam1.jpg\" class=\"image_right clear\" title=\"Fotky půjčeny od Science Slam Vienna\" />\n\n<div class=\"wide-text-block\">\n\n<h1>Koupě lístků</h1>\n<p>Lístky jsou v prodeji od čtvrtka 1. května 2014. Cena jednoho lístku je 100 Kč, je možné je zakoupit na těchto místech:</p>\n<ul>\n	<li>\n	<p><a class=\"link\" href=\"http://kabinetmuz.cz/\">Kabinet MÚZ</a> (Sukova 4), po-pá: 9:00-2:00, so-ne: 17:00-2:00</p>\n	</li>\n	<li>\n	<p><a class=\"link\" href=\"https://www.facebook.com/pages/Krm%C3%ADtko-FSS/169148049854172\">Krmírko</a> v budově Fakulty sociálních studií (Joštova 10)</p>\n	</li>\n</ul>\n<a href=\"https://www.facebook.com/pages/Krm%C3%ADtko-FSS/169148049854172\">\n<img class=\"left\" src=\"/images/blocks/krmitko.png\" title=\"Krmítko FSS\">\n</a>\n<a class=\"left\" href=\"http://kabinetmuz.cz/\"> <img src=\"/images/blocks/kabinet.png\" title=\"Kabinet MÚZ\"> </a>\n<div class=\"cleaner\">&nbsp;</div>\n</div>\n<div class=\"cleaner\">&nbsp;</div>',	'',	'ticket',	0,	'2014-03-10 18:01:38',	'2014-03-10 18:02:01'),
(9,	NULL,	0,	'Síň slávy',	'<img src=\"/images/2013-2/fiala2.jpg\" class=\"image_right clear\" title=\"Tomáš Fiala, vítěz druhého Science slamu\">\n<img src=\"/images/2013-1/rabova2.jpg\" class=\"image_right clear\" title=\"Zuzana Rábová, vítězka prvního Science slamu\">\n\n<div class=\"wide-text-block\">\n	<h1>Síň slávy</h1>\n	<p>Do síně slávy se dostanou jen ti nejlepší. Jen ti, kteří se nebáli představit svůj výzkum i před publikum. Jen ti, kteří se zúčastnili Science slamu a uspěli nejlépe.</p>\n\n<h3>Science slam 2: Tomáš Fiala, Hana Vrtalová</h3>\n<p>Celkovým vítězem i nejlepším bavičem se stal Tomáš Fiala s vynikajícím vystoupením <a href=\"/slam/two/fiala\" class=\"bold link\">Od močoviny po molekulární autobus</a>. Petr je student Přírodovědecké fakulty Masarykovy univerzity. Zajímá se prakticky o vše, co se kolem nás děje. \nHlavním zaměřením je však supramolekulární chemie, tedy obor, který se specializuje na mezimolekulární interakce. V rámci své diplomové práce se zabývá syntézou nových makrocyklických sloučenin a studiu jejich interakcí s různými \"hosty.\"</p>\n<p>Speciální cenu za obzvláště zábavné vystoupení získala Hanka Vrtalová se svým vystoupením <a href=\"/slam/two/vrtalova\" class=\"link bold\">Anglická výslovnost pod lupou</a>. Hanka je studentkou Filozofické a Přírodovědecké fakulty Masarykovy univerzity.</p>\n<p>Rozhovor s vítězem si můžete přečíst například v článku <a href=\"http://www.veda.muni.cz/veda-a-vyzkum/4071-vyhral-science-slam-umi-hledat-analogie\" class=\"link\">Vyhrál Science slam. Umí hledat analogie</a> publikovaném 25. prosince 2013 na vědeckopopulárním portálu <a href=\"http://www.veda.muni.cz/\" class=\"link\">věda.muni.cz</a>.</p>\n\n<h3>Science slam 1: Zuzana Rábová</h3>\n<p>Celkovým vítězem i nejlepším bavičem se stala Zuzana Rábová s vystoupením <a href=\"/slam/one/rabova\" class=\"bold link\">Hledání jedu v kýblu vody</a>. Zuzana je studentka Přírodovědecké fakulty Masarykovy univerzity a aktuálně provádí výzkum pro Centrum pro výzkum toxických látek v prostředí (RECETOX).</p>\n<p>Více nejen o jejím vystoupení si můžete přečíst například v článku <a href=\"http://www.veda.muni.cz/veda-a-vyzkum/3729-prvni-science-slam-vyhrala-biolozka\" class=\"link\">První Science slam vyhrála bioložka</a> publikovaném 13. června 2013 na vědeckopopulárním portálu <a href=\"http://www.veda.muni.cz/\" class=\"link\">věda.muni.cz</a>.</p>\n\n</div>\n',	'',	'winners',	0,	'2014-03-10 18:02:44',	'2014-03-11 19:40:38'),
(10,	NULL,	1,	'Science Slam',	'',	'',	'default',	1,	'2014-03-10 18:07:38',	'2014-03-10 18:07:38'),
(12,	1,	0,	'Fotogalerie',	'<div class=\"wide-text-block\">\n<h1>Science slam 1 &ndash; fotogalerie</h1>\n<p>První český Science slam se konal 12. 6. 2013 v prostorách <a class=\"link\" href=\"http://kabinetmuz.cz/\">Kabinetu MÚZ</a> v Brně. Doufáme, že se Vám všem líbil :).</p>\n<p>Fotografie &copy; Aleš Ležatka pro MUNI.</p>\n\n<ul class=\"gallery\">\n<li><a href=\"/images/2013-1/gallery/1.jpg\"><img class=\"gallery-item\"src=\"/images/2013-1/gallery/1_thumb.jpg\" /></a></li>\n<li><a href=\"/images/2013-1/gallery/2.jpg\"><img class=\"gallery-item\"src=\"/images/2013-1/gallery/2_thumb.jpg\" /></a></li>\n<li><a href=\"/images/2013-1/gallery/3.jpg\"><img class=\"gallery-item\"src=\"/images/2013-1/gallery/3_thumb.jpg\" /></a></li>\n<li><a href=\"/images/2013-1/gallery/4.jpg\"><img class=\"gallery-item\"src=\"/images/2013-1/gallery/4_thumb.jpg\" /></a></li>\n<li><a href=\"/images/2013-1/gallery/5.jpg\"><img class=\"gallery-item\"src=\"/images/2013-1/gallery/5_thumb.jpg\" /></a></li>\n<li><a href=\"/images/2013-1/gallery/6.jpg\"><img class=\"gallery-item\"src=\"/images/2013-1/gallery/6_thumb.jpg\" /></a></li>\n<li><a href=\"/images/2013-1/gallery/7.jpg\"><img class=\"gallery-item\"src=\"/images/2013-1/gallery/7_thumb.jpg\" /></a></li>\n<li><a href=\"/images/2013-1/gallery/8.jpg\"><img class=\"gallery-item\"src=\"/images/2013-1/gallery/8_thumb.jpg\" /></a></li>\n<li><a href=\"/images/2013-1/gallery/9.jpg\"><img class=\"gallery-item\"src=\"/images/2013-1/gallery/9_thumb.jpg\" /></a></li>\n<li><a href=\"/images/2013-1/gallery/10.jpg\"><img class=\"gallery-item\"src=\"/images/2013-1/gallery/10_thumb.jpg\" /></a></li>\n<li><a href=\"/images/2013-1/gallery/11.jpg\"><img class=\"gallery-item\"src=\"/images/2013-1/gallery/11_thumb.jpg\" /></a></li>\n<li><a href=\"/images/2013-1/gallery/12.jpg\"><img class=\"gallery-item\"src=\"/images/2013-1/gallery/12_thumb.jpg\" /></a></li>\n<li><a href=\"/images/2013-1/gallery/13.jpg\"><img class=\"gallery-item\"src=\"/images/2013-1/gallery/13_thumb.jpg\" /></a></li>\n<li><a href=\"/images/2013-1/gallery/14.jpg\"><img class=\"gallery-item\"src=\"/images/2013-1/gallery/14_thumb.jpg\" /></a></li>\n<li><a href=\"/images/2013-1/gallery/15.jpg\"><img class=\"gallery-item\"src=\"/images/2013-1/gallery/15_thumb.jpg\" /></a></li>\n<li><a href=\"/images/2013-1/gallery/16.jpg\"><img class=\"gallery-item\"src=\"/images/2013-1/gallery/16_thumb.jpg\" /></a></li>\n<li><a href=\"/images/2013-1/gallery/17.jpg\"><img class=\"gallery-item\"src=\"/images/2013-1/gallery/17_thumb.jpg\" /></a></li>\n<li><a href=\"/images/2013-1/gallery/18.jpg\"><img class=\"gallery-item\"src=\"/images/2013-1/gallery/18_thumb.jpg\" /></a></li>\n<li><a href=\"/images/2013-1/gallery/19.jpg\"><img class=\"gallery-item\"src=\"/images/2013-1/gallery/19_thumb.jpg\" /></a></li>\n<li><a href=\"/images/2013-1/gallery/20.jpg\"><img class=\"gallery-item\"src=\"/images/2013-1/gallery/20_thumb.jpg\" /></a></li>\n<li><a href=\"/images/2013-1/gallery/21.jpg\"><img class=\"gallery-item\"src=\"/images/2013-1/gallery/21_thumb.jpg\" /></a></li>\n<li><a href=\"/images/2013-1/gallery/22.jpg\"><img class=\"gallery-item\"src=\"/images/2013-1/gallery/22_thumb.jpg\" /></a></li>\n<li><a href=\"/images/2013-1/gallery/23.jpg\"><img class=\"gallery-item\"src=\"/images/2013-1/gallery/23_thumb.jpg\" /></a></li>\n<li><a href=\"/images/2013-1/gallery/24.jpg\"><img class=\"gallery-item\"src=\"/images/2013-1/gallery/24_thumb.jpg\" /></a></li>\n<li><a href=\"/images/2013-1/gallery/25.jpg\"><img class=\"gallery-item\"src=\"/images/2013-1/gallery/25_thumb.jpg\" /></a></li>\n<li><a href=\"/images/2013-1/gallery/26.jpg\"><img class=\"gallery-item\"src=\"/images/2013-1/gallery/26_thumb.jpg\" /></a></li>\n<li><a href=\"/images/2013-1/gallery/27.jpg\"><img class=\"gallery-item\"src=\"/images/2013-1/gallery/27_thumb.jpg\" /></a></li>\n<li><a href=\"/images/2013-1/gallery/28.jpg\"><img class=\"gallery-item\"src=\"/images/2013-1/gallery/28_thumb.jpg\" /></a></li>\n<li><a href=\"/images/2013-1/gallery/29.jpg\"><img class=\"gallery-item\"src=\"/images/2013-1/gallery/29_thumb.jpg\" /></a></li>\n<li><a href=\"/images/2013-1/gallery/30.jpg\"><img class=\"gallery-item\"src=\"/images/2013-1/gallery/30_thumb.jpg\" /></a></li>\n<li><a href=\"/images/2013-1/gallery/31.jpg\"><img class=\"gallery-item\"src=\"/images/2013-1/gallery/31_thumb.jpg\" /></a></li>\n<li><a href=\"/images/2013-1/gallery/32.jpg\"><img class=\"gallery-item\"src=\"/images/2013-1/gallery/32_thumb.jpg\" /></a></li>\n<li><a href=\"/images/2013-1/gallery/33.jpg\"><img class=\"gallery-item\"src=\"/images/2013-1/gallery/33_thumb.jpg\" /></a></li>\n<li><a href=\"/images/2013-1/gallery/34.jpg\"><img class=\"gallery-item\"src=\"/images/2013-1/gallery/34_thumb.jpg\" /></a></li>\n<li><a href=\"/images/2013-1/gallery/35.jpg\"><img class=\"gallery-item\"src=\"/images/2013-1/gallery/35_thumb.jpg\" /></a></li>\n<li><a href=\"/images/2013-1/gallery/36.jpg\"><img class=\"gallery-item\"src=\"/images/2013-1/gallery/36_thumb.jpg\" /></a></li>\n</ul>\n\n<a href=\"/slam/one\" class=\"button\">Science slam 1</a>\n</div>',	'',	'gallery',	0,	'2014-03-10 18:50:22',	'2014-03-10 18:50:45'),
(13,	1,	0,	'Zuzana Rábová',	'<img src=\"/images/2013-1/rabova2.jpg\" class=\"image_right clear\" title=\"Zuzana Rábová\" />\n<img src=\"/images/2013-1/rabova.jpg\" class=\"image_right clear\" title=\"Zuzana Rábová\" />\n\n<div class=\"wide-text-block\">\n<h1>Zuzana Rábová</h1>\n<p>Přírodovědecká fakulta Masarykovy univerzity, Centrum pro výzkum toxických látek v prostředí (RECETOX)</p>\n<h2>Hledání jedu v kýblu vody</h2>\n<iframe class=\"video\" src=\"//www.youtube.com/embed/aGUJiHFIepo\" frameborder=\"0\" allowfullscreen></iframe>\n<p>video: Jakub Venglář</p>\n<a href=\"/slam/one\" class=\"button\">Science slam 1</a>\n</div>',	'',	'rabova',	0,	'2014-03-10 18:51:58',	'2014-03-10 18:51:58'),
(14,	1,	0,	'Petr Sucháček',	'<img src=\"/images/2013-1/suchacek2.jpg\" class=\"image_right clear\" title=\"Petr Sucháček\" />\n<img src=\"/images/2013-1/suchacek.jpg\" class=\"image_right clear\" title=\"Petr Sucháček\" />\n\n<div class=\"wide-text-block\">\n<h1>Petr Sucháček</h1>\n<p>Filozofická fakulta Masarykovy univerzity</p>\n<h2>Škola: křižovatka života</h2>\n<iframe class=\"video\" src=\"//www.youtube.com/embed/FFLSL5WT0Fs\" frameborder=\"0\" allowfullscreen></iframe>\n<p>video: Jakub Venglář</p>\n<a href=\"/slam/one\" class=\"button\">Science slam 1</a>\n</div>',	'',	'suchacek',	0,	'2014-03-11 08:59:30',	'2014-03-11 08:59:30'),
(15,	1,	0,	'Eliška Sychrová',	'<img src=\"/images/2013-1/sychrova2.jpg\" class=\"image_right clear\" title=\"Eliška Sychrová\" />\n<img src=\"/images/2013-1/sychrova.jpg\" class=\"image_right clear\" title=\"Eliška Sychrová\" />\n\n<div class=\"wide-text-block\">\n<h1>Eliška Sychrová</h1>\n<p>Přírodovědecká fakulta Masarykovy univerzity, Centrum pro výzkum toxických látek v prostředí (RECETOX)</p>\n<h2>Komu se nelení, tomu se zelení</h2>\n<iframe class=\"video\" src=\"//www.youtube.com/embed/M0b7lRoqqEQ\" frameborder=\"0\" allowfullscreen></iframe>\n<p>video: Jakub Venglář</p>\n<a href=\"/slam/one\" class=\"button\">Science slam 1</a>\n</div>',	'',	'sychrova',	0,	'2014-03-11 09:00:28',	'2014-03-11 09:00:28'),
(16,	1,	0,	'Jiří Hrbáček',	'<img src=\"/images/2013-1/hrbacek2.jpg\" class=\"image_right clear\" title=\"Jiří Hrbáček\" />\n<img src=\"/images/2013-1/hrbacek.jpg\" class=\"image_right clear\" title=\"Jiří Hrbáček\" />\n\n<div class=\"wide-text-block\">\n<h1>Jiří Hrbáček</h1>\n<p>Katedra technické a informační výchovy, Pedagogická fakulta Masarykovy univerzity</p>\n<h2>Programování robotů a malé děti</h2>\n<iframe class=\"video\" src=\"//www.youtube.com/embed/1cqKUri_HiQ\" frameborder=\"0\" allowfullscreen></iframe>\n<p>video: Jakub Venglář</p>\n<a href=\"/slam/one\" class=\"button\">Science slam 1</a>\n</div>',	'',	'hrbacek',	0,	'2014-03-11 09:01:56',	'2014-03-11 09:01:56'),
(17,	1,	0,	'Kateřina Tejkalová',	'<img src=\"/images/2013-1/tejkalova2.jpg\" class=\"image_right clear\" title=\"Kateřina Tejkalová\" />\n<img src=\"/images/2013-1/tejkalova.jpg\" class=\"image_right clear\" title=\"Kateřina Tejkalová\" />\n\n<div class=\"wide-text-block\">\n<h1>Kateřina Tejkalová</h1>\n<p>Přírodovědecká fakulta Masarykovy univerzity, Centrum pro výzkum toxických látek v prostředí (RECETOX)</p>\n<h2>Čemu se ve svém výzkumu aktuálně věnuješ?</h2>\n<p>V současnosti se v Nizozemí věnuji studiu kultivarů rostliny Cannabis sativa L. na chemické a genetické rovině. Cannabis hraje v historii lidstva významnou roli nejen jako průmyslová plodina (zdroj vlánkniny, potravy, biomasy), ale také pro léčivé účinky svých sekundárních metabolitů. 21. století znamená renesanci používání medicínských kultivarů Cannabis.  Počet pacientů, kteří užívají Cannabis k léčbě, stále narůstá. V rostlinných produktech se tito lidé mohou orientovat pouze podle jmen, která však v současnosti postrádají vědecky podloženou informační hodnotu. Otázka správného vypovídajícího systému nomenklatury je z toho důvodu významná. Uživatelé často rozlišují dva hlavní typy, sativa a indica, a to na základě jejich morfologie, domnělého chemického obsahu a léčebných účinků.</p>\n<p>Podle našich zdrojů však doposud žádný výzkum nenašel rozhodující rozdíl mezi C. sativa a C. indica kombinováním různých přístupů jako je analýza chemického složení, medicínských účinků a genetického profilu do jednoho komplexního statistického modelu.\n Nizozemí je jednou z mála zemí na světě s přístupem ke vzorkům Cannabis. Díky tomu se tato studie zaměří na analýzu geneticky rozmanité sbírky vzorků.</p>\n<h2>Léčivá vůně v Amsterdamských ulicích</h2>\n<iframe class=\"video\" src=\"//www.youtube.com/embed/hYUZS8jy9is\" frameborder=\"0\" allowfullscreen></iframe>\n<p>video: Jakub Venglář</p>\n<a href=\"/slam/one\" class=\"button\">Science slam 1</a>\n</div>',	'',	'tejkalova',	0,	'2014-03-11 09:03:04',	'2014-03-11 09:03:04'),
(18,	3,	1,	'2. Science slam',	'',	'',	'default',	1,	'2014-03-11 09:08:05',	'2014-03-11 09:08:05'),
(19,	3,	0,	'Tomáš Buryška',	'<img src=\"/images/2013-2/buryska2.jpg\" class=\"image_right clear\" title=\"Petr Sucháček\" />\n<img src=\"/images/2013-2/buryska.jpg\" class=\"image_right clear\" title=\"Petr Sucháček\" />\n\n<div class=\"wide-text-block\">\n<h1>Tomáš Buryška</h1>\n<p>Přírodovědecká fakulta Masarykovy univerzity</p>\n<h2>Krátce o Tomášovi</h2>\n<p>Momentálně jsem doktorským studentem mikrobiologie. Věnuji se proteinovému inženýrství, charakterizaci proteinů a hledání nových substrátů a inhibitorů. Jelikož se jedná o poměrně rozmanité problémy, tak kromě biochemie, ze které čerpám nejvíce, často zabrousím i do oblastí fyziky, chemie, biologie a někdy i informačních technologií. Vědě jako takové se věnuji zejména proto, že jsem velmi zvědavý a zajímá mne, jak věci fungují.</p>\n<p>Ve svém volném čase rád sportuji, především běhám. Ideálně do vrchu, protože výhledy do okolí za tu dřinu opravdu stojí. Cestování, ať už za studiem nebo za poznáním nových krajů a jejich obyvatel, považuji za způsob, jak zjistit více o lidech obecně. Je totiž velmi snadné přijmout za své vžité stereotypy o cizích kulturách bez snahy ji sám poznat. S přáteli také pořádáme studentskou vědeckou konferenci a dovolím si tvrdit, že předchozí 4 ročníky měly úspěch. </p>\n\n<h2>Evoluce v kapkách</h2>\n<iframe class=\"video\" src=\"//www.youtube.com/embed/Ejm5MRT6-0k\" frameborder=\"0\" allowfullscreen></iframe>\n<p>video: Jakub Venglář</p>\n<a href=\"/slam/two\" class=\"button\">Science slam 2</a>\n</div>',	'',	'buryska',	0,	'2014-03-11 09:26:09',	'2014-03-11 09:26:09'),
(20,	3,	0,	'Tomáš Fiala',	'<img src=\"/images/2013-2/fiala2.jpg\" class=\"image_right clear\" title=\"Tomáš Fiala\" />\n<img src=\"/images/2013-2/fiala.jpg\" class=\"image_right clear\" title=\"Tomáš Fiala\" />\n\n<div class=\"wide-text-block\">\n<h1>Tomáš Fiala</h1>\n<p>Přírodovědecká fakulta Masarykovy univerzity</p>\n<h2>Krátce o Tomášovi</h2>\n<p>Jakožto nadšený vědec se zajímám prakticky o vše, co se kolem nás děje. Mým hlavním zaměřením je však supramolekulární chemie, tedy obor, který se zabývá mezimolekulárními interakcemi. Ve skupině doc. Vladimíra Šindeláře se vrámci své diplomové práce zabývám syntézou nových makrocyklických sloučenin a studiu jejich interakcí s různými \"hosty.\" Takový můj \"vedlejšák\" je analytická chemie. V současné době jsem konzultantem bakalářského studenta, se kterým praktikujeme elektroanalytickou metodu zvanou voltametrie.</p>\n<p>Cizí mi není ani vzdělávání naší středoškolské a rané vysokoškolské mládeže. Jsem členem organizačního týmu <a class=\"link\" href=\"http://vibuch.math.muni.cz/\">korespondenčního semináře ViBuCh</a> (Vzdělávací ikurz pro Budoucí Chemiky), několik úloh jsem napsal i do příbuzného <a class=\"link\" href=\"http://ksicht.natur.cuni.cz/\">KSICHTu</a> (Korespondenční Seminář Inspirovaný CHemickou Tématikou), vedl jsem přípravné semináře ke státnicím (především) pro budoucí učitele biologie a chemie atp.</p>\n<p>Mezi mé nevědecké koníčky patří tanec (standard a latina), hra na příčnou flétnu a kolektivní míčové sporty, obzvláště fotbal a floorbal.</p>\n\n\n<h2>Od močoviny po molekulární autobus</h2>\n<iframe class=\"video\" src=\"//www.youtube.com/embed/S0ENORxagis\" frameborder=\"0\" allowfullscreen></iframe>\n<p>video: Jakub Venglář</p>\n\n<a href=\"/slam/two\" class=\"button\">Science slam 2</a>\n</div>',	'',	'fiala',	0,	'2014-03-11 09:27:02',	'2014-03-11 09:27:02'),
(21,	3,	0,	'Radka Zounková',	'<img src=\"/images/2013-2/zounkova2.jpg\" class=\"image_right clear\" title=\"Radka Zounková\" />\n<img src=\"/images/2013-2/zounkova.jpg\" class=\"image_right clear\" title=\"Radka Zounková\" />\n\n<div class=\"wide-text-block\">\n<h1>Radka Zounková</h1>\n<p>Přírodovědecká fakulta Masarykovy univerzity, Centrum pro výzkum toxických látek v prostředí (RECETOX)</p>\n<h2>Krátce o Radce</h2>\n<p>Jsem promovaná čarodějnice a poté, co jsem zjistila, ze mě nebaví prodávat prášky, jsem se začala zabývat tím, co se s léky a kolem nich děje, když se dostanou do životního prostředí. Pracuji ve výzkumneém centru RECETOX na Přírodovědecké fakultě a kromě léků se začínám zabývat ještě iontovými kapalinami. Pracuji s jednobuněčnými řasami i s bakteriemi, hodně času trávím počítáním dafnií. Podílím se na přípravě mezioborové soutěže pro středoškoláky <a class=\"link\" href=\"http://ntrophy.jcmm.cz/\">N-trophy</a>.</p>\n<p>Ve volném čase ráda cestuju, lezu po horách a po skalách, hraju na flétnu a na africký buben. Vymýšlím a pořádám zážitkově vzdělávací kurzy pod hlavičkou <a class=\"link\" href=\"http://www.instruktori.cz/\">brněnských instruktorů</a> a <a class=\"link\" href=\"http://www.psl.cz/\">Prázdninové školy Lipnice</a>.</p>\n\n<h2>S antibiotiky jako s ohněm</h2>\n<iframe class=\"video\" src=\"//www.youtube.com/embed/ZlM2J8GIllU\" frameborder=\"0\" allowfullscreen></iframe>\n<p>video: Jakub Venglář</p>\n\n<a href=\"/slam/two\" class=\"button\">Science slam 2</a>\n</div>',	'',	'zounkova',	0,	'2014-03-11 09:28:20',	'2014-03-11 09:28:20'),
(22,	3,	0,	'Pavel Pracný',	'<img src=\"/images/2013-2/pracny2.jpg\" class=\"image_right clear\" title=\"Pavel Pracný\" />\n<img src=\"/images/2013-2/pracny.jpg\" class=\"image_right clear\" title=\"Pavel Pracný\" />\n\n<div class=\"wide-text-block\">\n<h1>Pavel Pracný</h1>\n<p>Přírodovědecká fakulta Masarykovy univerzity, Ústav geologických věd</p>\n<h2>Krátce o Pavlovi</h2>\n<p>Podzemní voda, její složení a vznik nebo vývoj krasové krajiny - to jsou témata, kterým se odborně věnuji v rámci doktorského studia na Ústavu geologických věd PřF MU. Velmi mne baví popularizace přírodních věd a interpretace přírodních a kulturních prvků kolem nás. Zní to vznešeně, ale v praxi to znamená, že rád a hodně přemýšlím o tom, jak vlastně svět kolem nás funguje. A pak se o tyto myšlenky chci podělit. Což mimo jiné dělám jako lektor v <a class=\"link\" href=\"http://www.ecb.cz/\">EkoCentru</a> a vedoucí pracovně-vzdělávacích akcí v <a class=\"link\" href=\"http://www.brontosaurus.cz/\">Brontosauru</a>. Snažíme se v dobrém inspirovat různými přístupy k životu a nabízet inspiraci i druhým.</p>\n\n<h2>Po stopách stopových prvků</h2>\n<iframe class=\"video\" src=\"//www.youtube.com/embed/n4C3IpXharg\" frameborder=\"0\" allowfullscreen></iframe>\n<p>video: Jakub Venglář</p>\n\n<a href=\"/slam/two\" class=\"button\">Science slam 2</a>\n</div>',	'',	'pracny',	0,	'2014-03-11 09:31:28',	'2014-03-11 09:31:28'),
(23,	3,	0,	'Hana Vrtalová',	'<img src=\"/images/2013-2/vrtalova2.jpg\" class=\"image_right clear\" title=\"Hana Vrtalová\" />\n<img src=\"/images/2013-2/vrtalova.jpg\" class=\"image_right clear\" title=\"Hana Vrtalová\" />\n\n<div class=\"wide-text-block\">\n<h1>Hana Vrtalová</h1>\n<p>Filozofická fakulta a Přírodovědecká fakulta Masarykovy univerzity</p>\n<h2>Krátce o Hance</h2>\n<p>Jsem třetím rokem studentkou geografie a kartografie se zaměřením na vzdělávání na \npřírodovědecké fakultě a anglického jazyka a literatury na filozofické fakultě. V rámci své bakalářské práce se zaměřuji na anglickou \nvýslovnost. Konkrétněji, snažím se naučit jednu velice talentovanou doktorandku studující \npolonistiku, jak správně mluvit americkým akcentem. Při práci na tomto projektu jsem narazila na \nněkolik zásadních chyb, které Češi jako nerodilí mluvčí velice často dělají. Většinou se setkávám s \nproblémy týkající se anglické intonace, důrazu a s neznalostí výslovnosti některých (i poměrně často \nužívaných) slov.</p>\n<p>Ráda bych se věnovala šíření fonetické gramotnosti mezi lidmi, kteří mluvenou \nangličtinu potřebují v každodenním životě, ať už v práci při komunikaci se spolupracovníky, ve škole \nnebo při prezentování na mezinárodních konferencích. Mým přáním je, aby se angličtina vyučovala \nna školách důkladněji a Češi patřili k národům s výbornou anglickou výslovností, za kterou by se \nnemuseli stydět ani na mezinárodních setkáních.</p>\n<p>Kromě angličtiny v poslední době věnuji spoustu času komunikačnímu tréninku, \nprezentačním dovednostem, moderování improvizovaného divadla a zpěvu v rockové kapele.</p>\n\n<h2>Anglická výslovnost pod lupou</h2>\n<iframe class=\"video\" src=\"//www.youtube.com/embed/qbiL8wo4wjs\" frameborder=\"0\" allowfullscreen></iframe>\n<p>video: Jakub Venglář</p>\n\n<a href=\"/slam/two\" class=\"button\">Science slam 2</a>\n</div>',	'',	'vrtalova',	0,	'2014-03-11 09:32:58',	'2014-03-11 09:32:58'),
(24,	3,	0,	'Petr Holík',	'<img src=\"/images/2013-2/holik2.jpg\" class=\"image_right clear\" title=\"Petr Holík\" />\n<img src=\"/images/2013-2/holik.jpg\" class=\"image_right clear\" title=\"Petr Holík\" />\n\n<div class=\"wide-text-block\">\n<h1>Petr Holík</h1>\n<p>Přírodovědecká fakulta Masarykovy univerzity</p>\n<h2>Krátce o Petrovi</h2>\n<p>Jsem upoceným začátečníkem v oblasti fluviální geomorfologie – vědního oboru zabývajícího se \nprocesy souvisejícími s říčními systémy. Mojí současnou specializací jsou meandrující toky, ale měl \njsem příležitost si na arktickém souostroví Svalbard vyzkoušet, jaké to je zaplavat si v ledovcové říčce.</p>\n<p>Kromě vědy a studia se aktivně zabývám improvizovaným divadlem a děláním rámusu pomocí všech \nmožných bicích nástrojů. Baví mne mluvit k lidem a s lidmi a v poslední době se v tomto umění \nsnažím co nejvíce zdokonalovat.</p>\n<p>Závěrem bych o sobě rád sdělil pár nezbytných informací. Raději zimu než teplo, raději pěšky než na \nkole a raději maso než čokoládu.</p>\n\n<h2>Svalbard: příběh o ledu, kamení a řece</h2>\n<iframe class=\"video\" src=\"//www.youtube.com/embed/g8LZSArlf-4\" frameborder=\"0\" allowfullscreen></iframe>\n<p>video: Jakub Venglář</p>\n\n<a href=\"/slam/two\" class=\"button\">Science slam 2</a>\n</div>',	'',	'holik',	0,	'2014-03-11 09:33:57',	'2014-03-11 09:33:57'),
(25,	3,	0,	'Petra Kalábová',	'<img src=\"/images/2013-2/kalabova2.jpg\" class=\"image_right clear\" title=\"Petra Kalábová\" />\n<img src=\"/images/2013-2/kalabova.jpg\" class=\"image_right clear\" title=\"Petra Kalábová\" />\n\n<div class=\"wide-text-block\">\n<h1>Petra Kalábová</h1>\n<p>Fakulta informatiky Masarykovy univerzity</p>\n<h2>Krátce o Petře</h2>\n<p>Říká se, že jsou dva typy lidí: jedni zálohují a druzí o svá data teprve přijdou. Zatím jsem o žádná data nepřišla a netýkala se mne ani žádný jiný počítačový průšvih, zato jsem několika lidem pomáhala řešit následky katastrofy, která vznikla, ani nevěděli jak. A tak jsem se začala zabývat nějakými protiopatřeními a prevencí příchodu průšvihů.</p>\n<p>Studuji fakultu informatiky, fascinuje mne svět informací a počítačů a uvědomuji si, že používání internetu se dnes člověk nejen nevyhne, ale mnohdy ani neví, jak často a kde všude s ním přichází do styku. A proto se snažím najít přijatelný kompromis mezi obranou a pohodlným používáním techniky, a poradit každému, kdo je ochotný poslouchat. Protože jeden neví dne ani hodiny, kdy nějaký průšvih dožene zrovna jeho.</p>\n\n<h2>Co číhá na síti</h2>\n<iframe class=\"video\" src=\"//www.youtube.com/embed/pZIooYG2pvY\" frameborder=\"0\" allowfullscreen></iframe>\n<p>video: Jakub Venglář</p>\n<a href=\"/slam/two\" class=\"button\">Science slam 2</a>\n</div>',	'',	'kalabova',	0,	'2014-03-11 09:35:01',	'2014-03-11 09:36:18'),
(26,	3,	0,	'Science Sven',	'<img src=\"/images/2013-2/science-sven.jpg\" class=\"image_right clear\" title=\"Jak publikum dělalo vědu\" />\n<img src=\"/images/2013-2/science-sven2.jpg\" class=\"image_right clear\" title=\"Jak publikum dělalo vědu\" />\n\n<div class=\"wide-text-block\">\n<h1>Science Sven</h1>\n<p>Aneb jak publikum dělalo vědu...</p>\n<a href=\"/slam/two\" class=\"button\">Science slam 2</a>\n</div>',	'',	'science-sven',	0,	'2014-03-11 09:39:01',	'2014-03-11 10:12:08'),
(27,	3,	0,	'Fotogalerie',	'<div class=\"wide-text-block\">\n<h1>Science slam 2 &ndash; fotogalerie</h1>\n<p>Druhý český Science slam se konal 27. 11. 2013 v prostorách <a class=\"link\" href=\"http://kabinetmuz.cz/\">Kabinetu MÚZ</a> v Brně. Doufáme, že se Vám všem líbil :).</p>\n<p>Fotografie &copy; Vašek Mach, Martin Kopáček pro MUNI.</p>\n\n<ul class=\"gallery\">\n<li><a href=\"/images/2013-2/gallery/01.jpg\"><img class=\"gallery-item\"src=\"/images/2013-2/gallery/01_thumb.jpg\" /></a></li>\n<li><a href=\"/images/2013-2/gallery/02.jpg\"><img class=\"gallery-item\"src=\"/images/2013-2/gallery/02_thumb.jpg\" /></a></li>\n<li><a href=\"/images/2013-2/gallery/03.jpg\"><img class=\"gallery-item\"src=\"/images/2013-2/gallery/03_thumb.jpg\" /></a></li>\n<li><a href=\"/images/2013-2/gallery/04.jpg\"><img class=\"gallery-item\"src=\"/images/2013-2/gallery/04_thumb.jpg\" /></a></li>\n<li><a href=\"/images/2013-2/gallery/05.jpg\"><img class=\"gallery-item\"src=\"/images/2013-2/gallery/05_thumb.jpg\" /></a></li>\n<li><a href=\"/images/2013-2/gallery/06.jpg\"><img class=\"gallery-item\"src=\"/images/2013-2/gallery/06_thumb.jpg\" /></a></li>\n<li><a href=\"/images/2013-2/gallery/07.jpg\"><img class=\"gallery-item\"src=\"/images/2013-2/gallery/07_thumb.jpg\" /></a></li>\n<li><a href=\"/images/2013-2/gallery/08.jpg\"><img class=\"gallery-item\"src=\"/images/2013-2/gallery/08_thumb.jpg\" /></a></li>\n<li><a href=\"/images/2013-2/gallery/09.jpg\"><img class=\"gallery-item\"src=\"/images/2013-2/gallery/09_thumb.jpg\" /></a></li>\n<li><a href=\"/images/2013-2/gallery/10.jpg\"><img class=\"gallery-item\"src=\"/images/2013-2/gallery/10_thumb.jpg\" /></a></li>\n<li><a href=\"/images/2013-2/gallery/11.jpg\"><img class=\"gallery-item\"src=\"/images/2013-2/gallery/11_thumb.jpg\" /></a></li>\n<li><a href=\"/images/2013-2/gallery/12.jpg\"><img class=\"gallery-item\"src=\"/images/2013-2/gallery/12_thumb.jpg\" /></a></li>\n<li><a href=\"/images/2013-2/gallery/13.jpg\"><img class=\"gallery-item\"src=\"/images/2013-2/gallery/13_thumb.jpg\" /></a></li>\n<li><a href=\"/images/2013-2/gallery/14.jpg\"><img class=\"gallery-item\"src=\"/images/2013-2/gallery/14_thumb.jpg\" /></a></li>\n<li><a href=\"/images/2013-2/gallery/15.jpg\"><img class=\"gallery-item\"src=\"/images/2013-2/gallery/15_thumb.jpg\" /></a></li>\n<li><a href=\"/images/2013-2/gallery/16.jpg\"><img class=\"gallery-item\"src=\"/images/2013-2/gallery/16_thumb.jpg\" /></a></li>\n<li><a href=\"/images/2013-2/gallery/17.jpg\"><img class=\"gallery-item\"src=\"/images/2013-2/gallery/17_thumb.jpg\" /></a></li>\n<li><a href=\"/images/2013-2/gallery/18.jpg\"><img class=\"gallery-item\"src=\"/images/2013-2/gallery/18_thumb.jpg\" /></a></li>\n<li><a href=\"/images/2013-2/gallery/19.jpg\"><img class=\"gallery-item\"src=\"/images/2013-2/gallery/19_thumb.jpg\" /></a></li>\n<li><a href=\"/images/2013-2/gallery/20.jpg\"><img class=\"gallery-item\"src=\"/images/2013-2/gallery/20_thumb.jpg\" /></a></li>\n<li><a href=\"/images/2013-2/gallery/21.jpg\"><img class=\"gallery-item\"src=\"/images/2013-2/gallery/21_thumb.jpg\" /></a></li>\n<li><a href=\"/images/2013-2/gallery/22.jpg\"><img class=\"gallery-item\"src=\"/images/2013-2/gallery/22_thumb.jpg\" /></a></li>\n<li><a href=\"/images/2013-2/gallery/23.jpg\"><img class=\"gallery-item\"src=\"/images/2013-2/gallery/23_thumb.jpg\" /></a></li>\n<li><a href=\"/images/2013-2/gallery/24.jpg\"><img class=\"gallery-item\"src=\"/images/2013-2/gallery/24_thumb.jpg\" /></a></li>\n<li><a href=\"/images/2013-2/gallery/25.jpg\"><img class=\"gallery-item\"src=\"/images/2013-2/gallery/25_thumb.jpg\" /></a></li>\n<li><a href=\"/images/2013-2/gallery/26.jpg\"><img class=\"gallery-item\"src=\"/images/2013-2/gallery/26_thumb.jpg\" /></a></li>\n<li><a href=\"/images/2013-2/gallery/27.jpg\"><img class=\"gallery-item\"src=\"/images/2013-2/gallery/27_thumb.jpg\" /></a></li>\n<li><a href=\"/images/2013-2/gallery/28.jpg\"><img class=\"gallery-item\"src=\"/images/2013-2/gallery/28_thumb.jpg\" /></a></li>\n<li><a href=\"/images/2013-2/gallery/29.jpg\"><img class=\"gallery-item\"src=\"/images/2013-2/gallery/29_thumb.jpg\" /></a></li>\n<li><a href=\"/images/2013-2/gallery/30.jpg\"><img class=\"gallery-item\"src=\"/images/2013-2/gallery/30_thumb.jpg\" /></a></li>\n<li><a href=\"/images/2013-2/gallery/31.jpg\"><img class=\"gallery-item\"src=\"/images/2013-2/gallery/31_thumb.jpg\" /></a></li>\n<li><a href=\"/images/2013-2/gallery/32.jpg\"><img class=\"gallery-item\"src=\"/images/2013-2/gallery/32_thumb.jpg\" /></a></li>\n<li><a href=\"/images/2013-2/gallery/33.jpg\"><img class=\"gallery-item\"src=\"/images/2013-2/gallery/33_thumb.jpg\" /></a></li>\n<li><a href=\"/images/2013-2/gallery/34.jpg\"><img class=\"gallery-item\"src=\"/images/2013-2/gallery/34_thumb.jpg\" /></a></li>\n<li><a href=\"/images/2013-2/gallery/35.jpg\"><img class=\"gallery-item\"src=\"/images/2013-2/gallery/35_thumb.jpg\" /></a></li>\n<li><a href=\"/images/2013-2/gallery/36.jpg\"><img class=\"gallery-item\"src=\"/images/2013-2/gallery/36_thumb.jpg\" /></a></li>\n<li><a href=\"/images/2013-2/gallery/37.jpg\"><img class=\"gallery-item\"src=\"/images/2013-2/gallery/37_thumb.jpg\" /></a></li>\n<li><a href=\"/images/2013-2/gallery/38.jpg\"><img class=\"gallery-item\"src=\"/images/2013-2/gallery/38_thumb.jpg\" /></a></li>\n<li><a href=\"/images/2013-2/gallery/39.jpg\"><img class=\"gallery-item\"src=\"/images/2013-2/gallery/39_thumb.jpg\" /></a></li>\n<li><a href=\"/images/2013-2/gallery/40.jpg\"><img class=\"gallery-item\"src=\"/images/2013-2/gallery/40_thumb.jpg\" /></a></li>\n<li><a href=\"/images/2013-2/gallery/41.jpg\"><img class=\"gallery-item\"src=\"/images/2013-2/gallery/41_thumb.jpg\" /></a></li>\n<li><a href=\"/images/2013-2/gallery/42.jpg\"><img class=\"gallery-item\"src=\"/images/2013-2/gallery/42_thumb.jpg\" /></a></li>\n<li><a href=\"/images/2013-2/gallery/43.jpg\"><img class=\"gallery-item\"src=\"/images/2013-2/gallery/43_thumb.jpg\" /></a></li>\n<li><a href=\"/images/2013-2/gallery/44.jpg\"><img class=\"gallery-item\"src=\"/images/2013-2/gallery/44_thumb.jpg\" /></a></li>\n<li><a href=\"/images/2013-2/gallery/45.jpg\"><img class=\"gallery-item\"src=\"/images/2013-2/gallery/45_thumb.jpg\" /></a></li>\n<li><a href=\"/images/2013-2/gallery/46.jpg\"><img class=\"gallery-item\"src=\"/images/2013-2/gallery/46_thumb.jpg\" /></a></li>\n<li><a href=\"/images/2013-2/gallery/47.jpg\"><img class=\"gallery-item\"src=\"/images/2013-2/gallery/47_thumb.jpg\" /></a></li>\n<li><a href=\"/images/2013-2/gallery/48.jpg\"><img class=\"gallery-item\"src=\"/images/2013-2/gallery/48_thumb.jpg\" /></a></li>\n<li><a href=\"/images/2013-2/gallery/49.jpg\"><img class=\"gallery-item\"src=\"/images/2013-2/gallery/49_thumb.jpg\" /></a></li>\n<li><a href=\"/images/2013-2/gallery/50.jpg\"><img class=\"gallery-item\"src=\"/images/2013-2/gallery/50_thumb.jpg\" /></a></li>\n<li><a href=\"/images/2013-2/gallery/51.jpg\"><img class=\"gallery-item\"src=\"/images/2013-2/gallery/51_thumb.jpg\" /></a></li>\n<li><a href=\"/images/2013-2/gallery/52.jpg\"><img class=\"gallery-item\"src=\"/images/2013-2/gallery/52_thumb.jpg\" /></a></li>\n<li><a href=\"/images/2013-2/gallery/53.jpg\"><img class=\"gallery-item\"src=\"/images/2013-2/gallery/53_thumb.jpg\" /></a></li>\n<li><a href=\"/images/2013-2/gallery/54.jpg\"><img class=\"gallery-item\"src=\"/images/2013-2/gallery/54_thumb.jpg\" /></a></li>\n<li><a href=\"/images/2013-2/gallery/55.jpg\"><img class=\"gallery-item\"src=\"/images/2013-2/gallery/55_thumb.jpg\" /></a></li>\n<li><a href=\"/images/2013-2/gallery/56.jpg\"><img class=\"gallery-item\"src=\"/images/2013-2/gallery/56_thumb.jpg\" /></a></li>\n<li><a href=\"/images/2013-2/gallery/57.jpg\"><img class=\"gallery-item\"src=\"/images/2013-2/gallery/57_thumb.jpg\" /></a></li>\n<li><a href=\"/images/2013-2/gallery/58.jpg\"><img class=\"gallery-item\"src=\"/images/2013-2/gallery/58_thumb.jpg\" /></a></li>\n<li><a href=\"/images/2013-2/gallery/59.jpg\"><img class=\"gallery-item\"src=\"/images/2013-2/gallery/59_thumb.jpg\" /></a></li>\n<li><a href=\"/images/2013-2/gallery/60.jpg\"><img class=\"gallery-item\"src=\"/images/2013-2/gallery/60_thumb.jpg\" /></a></li>\n<li><a href=\"/images/2013-2/gallery/61.jpg\"><img class=\"gallery-item\"src=\"/images/2013-2/gallery/61_thumb.jpg\" /></a></li>\n<li><a href=\"/images/2013-2/gallery/62.jpg\"><img class=\"gallery-item\"src=\"/images/2013-2/gallery/62_thumb.jpg\" /></a></li>\n<li><a href=\"/images/2013-2/gallery/63.jpg\"><img class=\"gallery-item\"src=\"/images/2013-2/gallery/63_thumb.jpg\" /></a></li>\n</ul>\n\n<a href=\"/slam/two\" class=\"button\">Science slam 2</a>\n</div>',	'',	'gallery',	0,	'2014-03-11 09:40:18',	'2014-03-11 19:38:12');

INSERT INTO `user` (`user_id`, `role`, `nickname`, `name`, `password`, `inserted`, `updated`, `last_login`) VALUES
(1,	'ADMIN',	'repli2dev',	'Jan Drábek',	'53d887d55459501cd34d7a18fbb94e882a165926970bb00cce1fe5ca3af93612',	'2014-03-09 09:49:52',	'2014-03-11 19:28:36',	'2014-03-11 19:28:36');

-- 2014-03-11 20:03:53